pais,codigo_pais,anio,indicador,valor
Argentina,ARG,2000,gasto_educacion_pib,4.58031
Argentina,ARG,2000,tasa_finalizacion_primaria,
Argentina,ARG,2000,tasa_finalizacion_secundaria,
Argentina,ARG,2000,tasa_alfabetizacion_adultos,
Brazil,BRA,2000,gasto_educacion_pib,3.94893
Brazil,BRA,2000,tasa_finalizacion_primaria,
Brazil,BRA,2000,tasa_finalizacion_secundaria,
Brazil,BRA,2000,tasa_alfabetizacion_adultos,86.36788
Chile,CHL,2000,gasto_educacion_pib,3.77583
Chile,CHL,2000,tasa_finalizacion_primaria,94.4
Chile,CHL,2000,tasa_finalizacion_secundaria,90.29
Chile,CHL,2000,tasa_alfabetizacion_adultos,
Costa Rica,CRI,2000,gasto_educacion_pib,4.68696
Costa Rica,CRI,2000,tasa_finalizacion_primaria,82.69
Costa Rica,CRI,2000,tasa_finalizacion_secundaria,44.5
Costa Rica,CRI,2000,tasa_alfabetizacion_adultos,94.86819
"Korea, Rep.",KOR,2000,gasto_educacion_pib,
"Korea, Rep.",KOR,2000,tasa_finalizacion_primaria,
"Korea, Rep.",KOR,2000,tasa_finalizacion_secundaria,
"Korea, Rep.",KOR,2000,tasa_alfabetizacion_adultos,
Mexico,MEX,2000,gasto_educacion_pib,3.99244
Mexico,MEX,2000,tasa_finalizacion_primaria,90.86
Mexico,MEX,2000,tasa_finalizacion_secundaria,67.16
Mexico,MEX,2000,tasa_alfabetizacion_adultos,90.53562
Spain,ESP,2000,gasto_educacion_pib,4.16605
Spain,ESP,2000,tasa_finalizacion_primaria,
Spain,ESP,2000,tasa_finalizacion_secundaria,
Spain,ESP,2000,tasa_alfabetizacion_adultos,
Viet Nam,VNM,2000,gasto_educacion_pib,
Viet Nam,VNM,2000,tasa_finalizacion_primaria,85.71
Viet Nam,VNM,2000,tasa_finalizacion_secundaria,51.31
Viet Nam,VNM,2000,tasa_alfabetizacion_adultos,90.15613
United States,USA,2000,gasto_educacion_pib,
United States,USA,2000,tasa_finalizacion_primaria,
United States,USA,2000,tasa_finalizacion_secundaria,
United States,USA,2000,tasa_alfabetizacion_adultos,
Uruguay,URY,2000,gasto_educacion_pib,2.42255
Uruguay,URY,2000,tasa_finalizacion_primaria,
Uruguay,URY,2000,tasa_finalizacion_secundaria,
Uruguay,URY,2000,tasa_alfabetizacion_adultos,
Argentina,ARG,2001,gasto_educacion_pib,4.83374
Argentina,ARG,2001,tasa_finalizacion_primaria,
Argentina,ARG,2001,tasa_finalizacion_secundaria,
Argentina,ARG,2001,tasa_alfabetizacion_adultos,97.19331
Brazil,BRA,2001,gasto_educacion_pib,3.84468
Brazil,BRA,2001,tasa_finalizacion_primaria,89.75
Brazil,BRA,2001,tasa_finalizacion_secundaria,66.76
Brazil,BRA,2001,tasa_alfabetizacion_adultos,
Chile,CHL,2001,gasto_educacion_pib,
Chile,CHL,2001,tasa_finalizacion_primaria,
Chile,CHL,2001,tasa_finalizacion_secundaria,
Chile,CHL,2001,tasa_alfabetizacion_adultos,
Costa Rica,CRI,2001,gasto_educacion_pib,4.8511
Costa Rica,CRI,2001,tasa_finalizacion_primaria,82.89
Costa Rica,CRI,2001,tasa_finalizacion_secundaria,46.96
Costa Rica,CRI,2001,tasa_alfabetizacion_adultos,
"Korea, Rep.",KOR,2001,gasto_educacion_pib,
"Korea, Rep.",KOR,2001,tasa_finalizacion_primaria,
"Korea, Rep.",KOR,2001,tasa_finalizacion_secundaria,
"Korea, Rep.",KOR,2001,tasa_alfabetizacion_adultos,
Mexico,MEX,2001,gasto_educacion_pib,4.24104
Mexico,MEX,2001,tasa_finalizacion_primaria,
Mexico,MEX,2001,tasa_finalizacion_secundaria,
Mexico,MEX,2001,tasa_alfabetizacion_adultos,
Spain,ESP,2001,gasto_educacion_pib,4.11127
Spain,ESP,2001,tasa_finalizacion_primaria,
Spain,ESP,2001,tasa_finalizacion_secundaria,
Spain,ESP,2001,tasa_alfabetizacion_adultos,
Viet Nam,VNM,2001,gasto_educacion_pib,
Viet Nam,VNM,2001,tasa_finalizacion_primaria,
Viet Nam,VNM,2001,tasa_finalizacion_secundaria,
Viet Nam,VNM,2001,tasa_alfabetizacion_adultos,
United States,USA,2001,gasto_educacion_pib,
United States,USA,2001,tasa_finalizacion_primaria,
United States,USA,2001,tasa_finalizacion_secundaria,
United States,USA,2001,tasa_alfabetizacion_adultos,
Uruguay,URY,2001,gasto_educacion_pib,2.80096
Uruguay,URY,2001,tasa_finalizacion_primaria,
Uruguay,URY,2001,tasa_finalizacion_secundaria,
Uruguay,URY,2001,tasa_alfabetizacion_adultos,
Argentina,ARG,2002,gasto_educacion_pib,4.01734
Argentina,ARG,2002,tasa_finalizacion_primaria,
Argentina,ARG,2002,tasa_finalizacion_secundaria,
Argentina,ARG,2002,tasa_alfabetizacion_adultos,
Brazil,BRA,2002,gasto_educacion_pib,3.75037
Brazil,BRA,2002,tasa_finalizacion_primaria,90.93
Brazil,BRA,2002,tasa_finalizacion_secundaria,69.49
Brazil,BRA,2002,tasa_alfabetizacion_adultos,
Chile,CHL,2002,gasto_educacion_pib,4.08121
Chile,CHL,2002,tasa_finalizacion_primaria,94.18533
Chile,CHL,2002,tasa_finalizacion_secundaria,92.11625
Chile,CHL,2002,tasa_alfabetizacion_adultos,95.71662
Costa Rica,CRI,2002,gasto_educacion_pib,5.17354
Costa Rica,CRI,2002,tasa_finalizacion_primaria,84.82
Costa Rica,CRI,2002,tasa_finalizacion_secundaria,49.4
Costa Rica,CRI,2002,tasa_alfabetizacion_adultos,
"Korea, Rep.",KOR,2002,gasto_educacion_pib,
"Korea, Rep.",KOR,2002,tasa_finalizacion_primaria,
"Korea, Rep.",KOR,2002,tasa_finalizacion_secundaria,
"Korea, Rep.",KOR,2002,tasa_alfabetizacion_adultos,
Mexico,MEX,2002,gasto_educacion_pib,4.45496
Mexico,MEX,2002,tasa_finalizacion_primaria,92.07
Mexico,MEX,2002,tasa_finalizacion_secundaria,73.5
Mexico,MEX,2002,tasa_alfabetizacion_adultos,90.27465
Spain,ESP,2002,gasto_educacion_pib,4.13457
Spain,ESP,2002,tasa_finalizacion_primaria,
Spain,ESP,2002,tasa_finalizacion_secundaria,
Spain,ESP,2002,tasa_alfabetizacion_adultos,
Viet Nam,VNM,2002,gasto_educacion_pib,
Viet Nam,VNM,2002,tasa_finalizacion_primaria,89.05
Viet Nam,VNM,2002,tasa_finalizacion_secundaria,63.45
Viet Nam,VNM,2002,tasa_alfabetizacion_adultos,
United States,USA,2002,gasto_educacion_pib,
United States,USA,2002,tasa_finalizacion_primaria,
United States,USA,2002,tasa_finalizacion_secundaria,
United States,USA,2002,tasa_alfabetizacion_adultos,
Uruguay,URY,2002,gasto_educacion_pib,2.3222
Uruguay,URY,2002,tasa_finalizacion_primaria,
Uruguay,URY,2002,tasa_finalizacion_secundaria,
Uruguay,URY,2002,tasa_alfabetizacion_adultos,
Argentina,ARG,2003,gasto_educacion_pib,3.53505
Argentina,ARG,2003,tasa_finalizacion_primaria,
Argentina,ARG,2003,tasa_finalizacion_secundaria,
Argentina,ARG,2003,tasa_alfabetizacion_adultos,
Brazil,BRA,2003,gasto_educacion_pib,
Brazil,BRA,2003,tasa_finalizacion_primaria,92.26
Brazil,BRA,2003,tasa_finalizacion_secundaria,72.88
Brazil,BRA,2003,tasa_alfabetizacion_adultos,
Chile,CHL,2003,gasto_educacion_pib,3.96346
Chile,CHL,2003,tasa_finalizacion_primaria,96.42
Chile,CHL,2003,tasa_finalizacion_secundaria,93.98
Chile,CHL,2003,tasa_alfabetizacion_adultos,
Costa Rica,CRI,2003,gasto_educacion_pib,5.15636
Costa Rica,CRI,2003,tasa_finalizacion_primaria,87.58
Costa Rica,CRI,2003,tasa_finalizacion_secundaria,50.29
Costa Rica,CRI,2003,tasa_alfabetizacion_adultos,
"Korea, Rep.",KOR,2003,gasto_educacion_pib,
"Korea, Rep.",KOR,2003,tasa_finalizacion_primaria,
"Korea, Rep.",KOR,2003,tasa_finalizacion_secundaria,
"Korea, Rep.",KOR,2003,tasa_alfabetizacion_adultos,
Mexico,MEX,2003,gasto_educacion_pib,5.07258
Mexico,MEX,2003,tasa_finalizacion_primaria,
Mexico,MEX,2003,tasa_finalizacion_secundaria,
Mexico,MEX,2003,tasa_alfabetizacion_adultos,
Spain,ESP,2003,gasto_educacion_pib,4.17343
Spain,ESP,2003,tasa_finalizacion_primaria,
Spain,ESP,2003,tasa_finalizacion_secundaria,
Spain,ESP,2003,tasa_alfabetizacion_adultos,
Viet Nam,VNM,2003,gasto_educacion_pib,
Viet Nam,VNM,2003,tasa_finalizacion_primaria,
Viet Nam,VNM,2003,tasa_finalizacion_secundaria,
Viet Nam,VNM,2003,tasa_alfabetizacion_adultos,
United States,USA,2003,gasto_educacion_pib,
United States,USA,2003,tasa_finalizacion_primaria,
United States,USA,2003,tasa_finalizacion_secundaria,
United States,USA,2003,tasa_alfabetizacion_adultos,
Uruguay,URY,2003,gasto_educacion_pib,2.06821
Uruguay,URY,2003,tasa_finalizacion_primaria,
Uruguay,URY,2003,tasa_finalizacion_secundaria,
Uruguay,URY,2003,tasa_alfabetizacion_adultos,
Argentina,ARG,2004,gasto_educacion_pib,3.48652
Argentina,ARG,2004,tasa_finalizacion_primaria,
Argentina,ARG,2004,tasa_finalizacion_secundaria,
Argentina,ARG,2004,tasa_alfabetizacion_adultos,
Brazil,BRA,2004,gasto_educacion_pib,3.97448
Brazil,BRA,2004,tasa_finalizacion_primaria,92.79
Brazil,BRA,2004,tasa_finalizacion_secundaria,74.51
Brazil,BRA,2004,tasa_alfabetizacion_adultos,88.61624
Chile,CHL,2004,gasto_educacion_pib,3.53839
Chile,CHL,2004,tasa_finalizacion_primaria,
Chile,CHL,2004,tasa_finalizacion_secundaria,
Chile,CHL,2004,tasa_alfabetizacion_adultos,
Costa Rica,CRI,2004,gasto_educacion_pib,4.91218
Costa Rica,CRI,2004,tasa_finalizacion_primaria,89.7
Costa Rica,CRI,2004,tasa_finalizacion_secundaria,51.47
Costa Rica,CRI,2004,tasa_alfabetizacion_adultos,
"Korea, Rep.",KOR,2004,gasto_educacion_pib,
"Korea, Rep.",KOR,2004,tasa_finalizacion_primaria,
"Korea, Rep.",KOR,2004,tasa_finalizacion_secundaria,
"Korea, Rep.",KOR,2004,tasa_alfabetizacion_adultos,
Mexico,MEX,2004,gasto_educacion_pib,4.72671
Mexico,MEX,2004,tasa_finalizacion_primaria,92.51
Mexico,MEX,2004,tasa_finalizacion_secundaria,74.64
Mexico,MEX,2004,tasa_alfabetizacion_adultos,90.95374
Spain,ESP,2004,gasto_educacion_pib,4.15786
Spain,ESP,2004,tasa_finalizacion_primaria,
Spain,ESP,2004,tasa_finalizacion_secundaria,
Spain,ESP,2004,tasa_alfabetizacion_adultos,97.16512
Viet Nam,VNM,2004,gasto_educacion_pib,
Viet Nam,VNM,2004,tasa_finalizacion_primaria,
Viet Nam,VNM,2004,tasa_finalizacion_secundaria,
Viet Nam,VNM,2004,tasa_alfabetizacion_adultos,
United States,USA,2004,gasto_educacion_pib,
United States,USA,2004,tasa_finalizacion_primaria,
United States,USA,2004,tasa_finalizacion_secundaria,
United States,USA,2004,tasa_alfabetizacion_adultos,
Uruguay,URY,2004,gasto_educacion_pib,2.49954
Uruguay,URY,2004,tasa_finalizacion_primaria,
Uruguay,URY,2004,tasa_finalizacion_secundaria,
Uruguay,URY,2004,tasa_alfabetizacion_adultos,
Argentina,ARG,2005,gasto_educacion_pib,3.86001
Argentina,ARG,2005,tasa_finalizacion_primaria,
Argentina,ARG,2005,tasa_finalizacion_secundaria,
Argentina,ARG,2005,tasa_alfabetizacion_adultos,
Brazil,BRA,2005,gasto_educacion_pib,4.47908
Brazil,BRA,2005,tasa_finalizacion_primaria,93.44
Brazil,BRA,2005,tasa_finalizacion_secundaria,76.04
Brazil,BRA,2005,tasa_alfabetizacion_adultos,
Chile,CHL,2005,gasto_educacion_pib,3.26283
Chile,CHL,2005,tasa_finalizacion_primaria,
Chile,CHL,2005,tasa_finalizacion_secundaria,
Chile,CHL,2005,tasa_alfabetizacion_adultos,
Costa Rica,CRI,2005,gasto_educacion_pib,
Costa Rica,CRI,2005,tasa_finalizacion_primaria,90.63
Costa Rica,CRI,2005,tasa_finalizacion_secundaria,50.82
Costa Rica,CRI,2005,tasa_alfabetizacion_adultos,
"Korea, Rep.",KOR,2005,gasto_educacion_pib,
"Korea, Rep.",KOR,2005,tasa_finalizacion_primaria,
"Korea, Rep.",KOR,2005,tasa_finalizacion_secundaria,
"Korea, Rep.",KOR,2005,tasa_alfabetizacion_adultos,
Mexico,MEX,2005,gasto_educacion_pib,4.84569
Mexico,MEX,2005,tasa_finalizacion_primaria,
Mexico,MEX,2005,tasa_finalizacion_secundaria,
Mexico,MEX,2005,tasa_alfabetizacion_adultos,91.63027
Spain,ESP,2005,gasto_educacion_pib,4.14432
Spain,ESP,2005,tasa_finalizacion_primaria,
Spain,ESP,2005,tasa_finalizacion_secundaria,90.51
Spain,ESP,2005,tasa_alfabetizacion_adultos,97.75069
Viet Nam,VNM,2005,gasto_educacion_pib,
Viet Nam,VNM,2005,tasa_finalizacion_primaria,
Viet Nam,VNM,2005,tasa_finalizacion_secundaria,
Viet Nam,VNM,2005,tasa_alfabetizacion_adultos,
United States,USA,2005,gasto_educacion_pib,
United States,USA,2005,tasa_finalizacion_primaria,
United States,USA,2005,tasa_finalizacion_secundaria,
United States,USA,2005,tasa_alfabetizacion_adultos,
Uruguay,URY,2005,gasto_educacion_pib,2.71475
Uruguay,URY,2005,tasa_finalizacion_primaria,
Uruguay,URY,2005,tasa_finalizacion_secundaria,
Uruguay,URY,2005,tasa_alfabetizacion_adultos,
Argentina,ARG,2006,gasto_educacion_pib,4.12821
Argentina,ARG,2006,tasa_finalizacion_primaria,
Argentina,ARG,2006,tasa_finalizacion_secundaria,
Argentina,ARG,2006,tasa_alfabetizacion_adultos,98.6108
Brazil,BRA,2006,gasto_educacion_pib,4.8706
Brazil,BRA,2006,tasa_finalizacion_primaria,94.1
Brazil,BRA,2006,tasa_finalizacion_secundaria,78.12
Brazil,BRA,2006,tasa_alfabetizacion_adultos,89.61523
Chile,CHL,2006,gasto_educacion_pib,3.02153
Chile,CHL,2006,tasa_finalizacion_primaria,96.23
Chile,CHL,2006,tasa_finalizacion_secundaria,94.07
Chile,CHL,2006,tasa_alfabetizacion_adultos,
Costa Rica,CRI,2006,gasto_educacion_pib,4.63918
Costa Rica,CRI,2006,tasa_finalizacion_primaria,89.83
Costa Rica,CRI,2006,tasa_finalizacion_secundaria,52.93
Costa Rica,CRI,2006,tasa_alfabetizacion_adultos,
"Korea, Rep.",KOR,2006,gasto_educacion_pib,
"Korea, Rep.",KOR,2006,tasa_finalizacion_primaria,
"Korea, Rep.",KOR,2006,tasa_finalizacion_secundaria,
"Korea, Rep.",KOR,2006,tasa_alfabetizacion_adultos,
Mexico,MEX,2006,gasto_educacion_pib,4.69992
Mexico,MEX,2006,tasa_finalizacion_primaria,94.39
Mexico,MEX,2006,tasa_finalizacion_secundaria,77.71
Mexico,MEX,2006,tasa_alfabetizacion_adultos,91.73452
Spain,ESP,2006,gasto_educacion_pib,4.18482
Spain,ESP,2006,tasa_finalizacion_primaria,
Spain,ESP,2006,tasa_finalizacion_secundaria,
Spain,ESP,2006,tasa_alfabetizacion_adultos,97.75214
Viet Nam,VNM,2006,gasto_educacion_pib,
Viet Nam,VNM,2006,tasa_finalizacion_primaria,95.03
Viet Nam,VNM,2006,tasa_finalizacion_secundaria,79.28
Viet Nam,VNM,2006,tasa_alfabetizacion_adultos,
United States,USA,2006,gasto_educacion_pib,
United States,USA,2006,tasa_finalizacion_primaria,
United States,USA,2006,tasa_finalizacion_secundaria,
United States,USA,2006,tasa_alfabetizacion_adultos,
Uruguay,URY,2006,gasto_educacion_pib,2.88026
Uruguay,URY,2006,tasa_finalizacion_primaria,
Uruguay,URY,2006,tasa_finalizacion_secundaria,
Uruguay,URY,2006,tasa_alfabetizacion_adultos,97.78963
Argentina,ARG,2007,gasto_educacion_pib,4.4626
Argentina,ARG,2007,tasa_finalizacion_primaria,
Argentina,ARG,2007,tasa_finalizacion_secundaria,
Argentina,ARG,2007,tasa_alfabetizacion_adultos,
Brazil,BRA,2007,gasto_educacion_pib,4.97426
Brazil,BRA,2007,tasa_finalizacion_primaria,93.74
Brazil,BRA,2007,tasa_finalizacion_secundaria,78.64
Brazil,BRA,2007,tasa_alfabetizacion_adultos,90.00937
Chile,CHL,2007,gasto_educacion_pib,3.21379
Chile,CHL,2007,tasa_finalizacion_primaria,
Chile,CHL,2007,tasa_finalizacion_secundaria,
Chile,CHL,2007,tasa_alfabetizacion_adultos,
Costa Rica,CRI,2007,gasto_educacion_pib,4.6589
Costa Rica,CRI,2007,tasa_finalizacion_primaria,90.92
Costa Rica,CRI,2007,tasa_finalizacion_secundaria,53.35
Costa Rica,CRI,2007,tasa_alfabetizacion_adultos,
"Korea, Rep.",KOR,2007,gasto_educacion_pib,
"Korea, Rep.",KOR,2007,tasa_finalizacion_primaria,
"Korea, Rep.",KOR,2007,tasa_finalizacion_secundaria,
"Korea, Rep.",KOR,2007,tasa_alfabetizacion_adultos,
Mexico,MEX,2007,gasto_educacion_pib,4.69051
Mexico,MEX,2007,tasa_finalizacion_primaria,
Mexico,MEX,2007,tasa_finalizacion_secundaria,
Mexico,MEX,2007,tasa_alfabetizacion_adultos,92.79517
Spain,ESP,2007,gasto_educacion_pib,4.25405
Spain,ESP,2007,tasa_finalizacion_primaria,
Spain,ESP,2007,tasa_finalizacion_secundaria,
Spain,ESP,2007,tasa_alfabetizacion_adultos,97.93884
Viet Nam,VNM,2007,gasto_educacion_pib,
Viet Nam,VNM,2007,tasa_finalizacion_primaria,
Viet Nam,VNM,2007,tasa_finalizacion_secundaria,
Viet Nam,VNM,2007,tasa_alfabetizacion_adultos,
United States,USA,2007,gasto_educacion_pib,
United States,USA,2007,tasa_finalizacion_primaria,
United States,USA,2007,tasa_finalizacion_secundaria,
United States,USA,2007,tasa_alfabetizacion_adultos,
Uruguay,URY,2007,gasto_educacion_pib,
Uruguay,URY,2007,tasa_finalizacion_primaria,
Uruguay,URY,2007,tasa_finalizacion_secundaria,
Uruguay,URY,2007,tasa_alfabetizacion_adultos,97.86389
Argentina,ARG,2008,gasto_educacion_pib,4.84441
Argentina,ARG,2008,tasa_finalizacion_primaria,
Argentina,ARG,2008,tasa_finalizacion_secundaria,
Argentina,ARG,2008,tasa_alfabetizacion_adultos,
Brazil,BRA,2008,gasto_educacion_pib,5.26884
Brazil,BRA,2008,tasa_finalizacion_primaria,94.11
Brazil,BRA,2008,tasa_finalizacion_secundaria,80.92
Brazil,BRA,2008,tasa_alfabetizacion_adultos,90.03662
Chile,CHL,2008,gasto_educacion_pib,3.79243
Chile,CHL,2008,tasa_finalizacion_primaria,
Chile,CHL,2008,tasa_finalizacion_secundaria,
Chile,CHL,2008,tasa_alfabetizacion_adultos,97.72245
Costa Rica,CRI,2008,gasto_educacion_pib,4.91712
Costa Rica,CRI,2008,tasa_finalizacion_primaria,91.16
Costa Rica,CRI,2008,tasa_finalizacion_secundaria,58.66
Costa Rica,CRI,2008,tasa_alfabetizacion_adultos,
"Korea, Rep.",KOR,2008,gasto_educacion_pib,
"Korea, Rep.",KOR,2008,tasa_finalizacion_primaria,
"Korea, Rep.",KOR,2008,tasa_finalizacion_secundaria,
"Korea, Rep.",KOR,2008,tasa_alfabetizacion_adultos,97.96594
Mexico,MEX,2008,gasto_educacion_pib,4.82007
Mexico,MEX,2008,tasa_finalizacion_primaria,95.01
Mexico,MEX,2008,tasa_finalizacion_secundaria,79.86
Mexico,MEX,2008,tasa_alfabetizacion_adultos,92.9256
Spain,ESP,2008,gasto_educacion_pib,4.52806
Spain,ESP,2008,tasa_finalizacion_primaria,
Spain,ESP,2008,tasa_finalizacion_secundaria,
Spain,ESP,2008,tasa_alfabetizacion_adultos,97.63061
Viet Nam,VNM,2008,gasto_educacion_pib,4.88674
Viet Nam,VNM,2008,tasa_finalizacion_primaria,
Viet Nam,VNM,2008,tasa_finalizacion_secundaria,
Viet Nam,VNM,2008,tasa_alfabetizacion_adultos,
United States,USA,2008,gasto_educacion_pib,
United States,USA,2008,tasa_finalizacion_primaria,
United States,USA,2008,tasa_finalizacion_secundaria,
United States,USA,2008,tasa_alfabetizacion_adultos,
Uruguay,URY,2008,gasto_educacion_pib,
Uruguay,URY,2008,tasa_finalizacion_primaria,94.85
Uruguay,URY,2008,tasa_finalizacion_secundaria,65.9
Uruguay,URY,2008,tasa_alfabetizacion_adultos,98.16356
Argentina,ARG,2009,gasto_educacion_pib,5.53105
Argentina,ARG,2009,tasa_finalizacion_primaria,
Argentina,ARG,2009,tasa_finalizacion_secundaria,
Argentina,ARG,2009,tasa_alfabetizacion_adultos,98.98342
Brazil,BRA,2009,gasto_educacion_pib,5.46355
Brazil,BRA,2009,tasa_finalizacion_primaria,94.44
Brazil,BRA,2009,tasa_finalizacion_secundaria,81.12
Brazil,BRA,2009,tasa_alfabetizacion_adultos,90.29821
Chile,CHL,2009,gasto_educacion_pib,4.23065
Chile,CHL,2009,tasa_finalizacion_primaria,96.59
Chile,CHL,2009,tasa_finalizacion_secundaria,94.43
Chile,CHL,2009,tasa_alfabetizacion_adultos,97.66423
Costa Rica,CRI,2009,gasto_educacion_pib,6.04635
Costa Rica,CRI,2009,tasa_finalizacion_primaria,91.95
Costa Rica,CRI,2009,tasa_finalizacion_secundaria,59.78
Costa Rica,CRI,2009,tasa_alfabetizacion_adultos,
"Korea, Rep.",KOR,2009,gasto_educacion_pib,
"Korea, Rep.",KOR,2009,tasa_finalizacion_primaria,
"Korea, Rep.",KOR,2009,tasa_finalizacion_secundaria,
"Korea, Rep.",KOR,2009,tasa_alfabetizacion_adultos,
Mexico,MEX,2009,gasto_educacion_pib,5.18794
Mexico,MEX,2009,tasa_finalizacion_primaria,
Mexico,MEX,2009,tasa_finalizacion_secundaria,
Mexico,MEX,2009,tasa_alfabetizacion_adultos,93.44188
Spain,ESP,2009,gasto_educacion_pib,4.912
Spain,ESP,2009,tasa_finalizacion_primaria,
Spain,ESP,2009,tasa_finalizacion_secundaria,
Spain,ESP,2009,tasa_alfabetizacion_adultos,97.67927
Viet Nam,VNM,2009,gasto_educacion_pib,4.8165
Viet Nam,VNM,2009,tasa_finalizacion_primaria,95.59169
Viet Nam,VNM,2009,tasa_finalizacion_secundaria,77.66713
Viet Nam,VNM,2009,tasa_alfabetizacion_adultos,93.52045
United States,USA,2009,gasto_educacion_pib,
United States,USA,2009,tasa_finalizacion_primaria,
United States,USA,2009,tasa_finalizacion_secundaria,
United States,USA,2009,tasa_alfabetizacion_adultos,
Uruguay,URY,2009,gasto_educacion_pib,
Uruguay,URY,2009,tasa_finalizacion_primaria,96.34
Uruguay,URY,2009,tasa_finalizacion_secundaria,65.89
Uruguay,URY,2009,tasa_alfabetizacion_adultos,98.26723
Argentina,ARG,2010,gasto_educacion_pib,5.01971
Argentina,ARG,2010,tasa_finalizacion_primaria,92.26296
Argentina,ARG,2010,tasa_finalizacion_secundaria,74.09815
Argentina,ARG,2010,tasa_alfabetizacion_adultos,98.95497
Brazil,BRA,2010,gasto_educacion_pib,5.6488
Brazil,BRA,2010,tasa_finalizacion_primaria,
Brazil,BRA,2010,tasa_finalizacion_secundaria,
Brazil,BRA,2010,tasa_alfabetizacion_adultos,90.37918
Chile,CHL,2010,gasto_educacion_pib,4.16209
Chile,CHL,2010,tasa_finalizacion_primaria,
Chile,CHL,2010,tasa_finalizacion_secundaria,
Chile,CHL,2010,tasa_alfabetizacion_adultos,96.8186
Costa Rica,CRI,2010,gasto_educacion_pib,6.63445
Costa Rica,CRI,2010,tasa_finalizacion_primaria,91.22
Costa Rica,CRI,2010,tasa_finalizacion_secundaria,61.49
Costa Rica,CRI,2010,tasa_alfabetizacion_adultos,
"Korea, Rep.",KOR,2010,gasto_educacion_pib,
"Korea, Rep.",KOR,2010,tasa_finalizacion_primaria,
"Korea, Rep.",KOR,2010,tasa_finalizacion_secundaria,
"Korea, Rep.",KOR,2010,tasa_alfabetizacion_adultos,
Mexico,MEX,2010,gasto_educacion_pib,5.15922
Mexico,MEX,2010,tasa_finalizacion_primaria,95.8
Mexico,MEX,2010,tasa_finalizacion_secundaria,81.42
Mexico,MEX,2010,tasa_alfabetizacion_adultos,93.06894
Spain,ESP,2010,gasto_educacion_pib,4.85608
Spain,ESP,2010,tasa_finalizacion_primaria,
Spain,ESP,2010,tasa_finalizacion_secundaria,
Spain,ESP,2010,tasa_alfabetizacion_adultos,97.7489
Viet Nam,VNM,2010,gasto_educacion_pib,5.13722
Viet Nam,VNM,2010,tasa_finalizacion_primaria,
Viet Nam,VNM,2010,tasa_finalizacion_secundaria,
Viet Nam,VNM,2010,tasa_alfabetizacion_adultos,
United States,USA,2010,gasto_educacion_pib,
United States,USA,2010,tasa_finalizacion_primaria,99.67774
United States,USA,2010,tasa_finalizacion_secundaria,98.32961
United States,USA,2010,tasa_alfabetizacion_adultos,
Uruguay,URY,2010,gasto_educacion_pib,
Uruguay,URY,2010,tasa_finalizacion_primaria,96.17
Uruguay,URY,2010,tasa_finalizacion_secundaria,63.57
Uruguay,URY,2010,tasa_alfabetizacion_adultos,98.07271
Argentina,ARG,2011,gasto_educacion_pib,5.29063
Argentina,ARG,2011,tasa_finalizacion_primaria,
Argentina,ARG,2011,tasa_finalizacion_secundaria,
Argentina,ARG,2011,tasa_alfabetizacion_adultos,99.10833
Brazil,BRA,2011,gasto_educacion_pib,5.73741
Brazil,BRA,2011,tasa_finalizacion_primaria,94.9
Brazil,BRA,2011,tasa_finalizacion_secundaria,82.95
Brazil,BRA,2011,tasa_alfabetizacion_adultos,91.41124
Chile,CHL,2011,gasto_educacion_pib,4.04519
Chile,CHL,2011,tasa_finalizacion_primaria,96.34
Chile,CHL,2011,tasa_finalizacion_secundaria,94.24
Chile,CHL,2011,tasa_alfabetizacion_adultos,96.70301
Costa Rica,CRI,2011,gasto_educacion_pib,6.45535
Costa Rica,CRI,2011,tasa_finalizacion_primaria,93.54096
Costa Rica,CRI,2011,tasa_finalizacion_secundaria,64.28467
Costa Rica,CRI,2011,tasa_alfabetizacion_adultos,97.40658
"Korea, Rep.",KOR,2011,gasto_educacion_pib,
"Korea, Rep.",KOR,2011,tasa_finalizacion_primaria,
"Korea, Rep.",KOR,2011,tasa_finalizacion_secundaria,
"Korea, Rep.",KOR,2011,tasa_alfabetizacion_adultos,
Mexico,MEX,2011,gasto_educacion_pib,5.10565
Mexico,MEX,2011,tasa_finalizacion_primaria,
Mexico,MEX,2011,tasa_finalizacion_secundaria,
Mexico,MEX,2011,tasa_alfabetizacion_adultos,93.51998
Spain,ESP,2011,gasto_educacion_pib,4.89692
Spain,ESP,2011,tasa_finalizacion_primaria,
Spain,ESP,2011,tasa_finalizacion_secundaria,90.36
Spain,ESP,2011,tasa_alfabetizacion_adultos,97.78375
Viet Nam,VNM,2011,gasto_educacion_pib,4.81372
Viet Nam,VNM,2011,tasa_finalizacion_primaria,95.5281
Viet Nam,VNM,2011,tasa_finalizacion_secundaria,80.54251
Viet Nam,VNM,2011,tasa_alfabetizacion_adultos,
United States,USA,2011,gasto_educacion_pib,
United States,USA,2011,tasa_finalizacion_primaria,
United States,USA,2011,tasa_finalizacion_secundaria,
United States,USA,2011,tasa_alfabetizacion_adultos,
Uruguay,URY,2011,gasto_educacion_pib,4.35527
Uruguay,URY,2011,tasa_finalizacion_primaria,97.0
Uruguay,URY,2011,tasa_finalizacion_secundaria,64.7
Uruguay,URY,2011,tasa_alfabetizacion_adultos,98.3359
Argentina,ARG,2012,gasto_educacion_pib,5.34583
Argentina,ARG,2012,tasa_finalizacion_primaria,
Argentina,ARG,2012,tasa_finalizacion_secundaria,
Argentina,ARG,2012,tasa_alfabetizacion_adultos,99.10523
Brazil,BRA,2012,gasto_educacion_pib,5.8551
Brazil,BRA,2012,tasa_finalizacion_primaria,95.91
Brazil,BRA,2012,tasa_finalizacion_secundaria,84.53
Brazil,BRA,2012,tasa_alfabetizacion_adultos,91.33785
Chile,CHL,2012,gasto_educacion_pib,
Chile,CHL,2012,tasa_finalizacion_primaria,
Chile,CHL,2012,tasa_finalizacion_secundaria,
Chile,CHL,2012,tasa_alfabetizacion_adultos,
Costa Rica,CRI,2012,gasto_educacion_pib,6.68984
Costa Rica,CRI,2012,tasa_finalizacion_primaria,93.41
Costa Rica,CRI,2012,tasa_finalizacion_secundaria,63.19
Costa Rica,CRI,2012,tasa_alfabetizacion_adultos,
"Korea, Rep.",KOR,2012,gasto_educacion_pib,
"Korea, Rep.",KOR,2012,tasa_finalizacion_primaria,
"Korea, Rep.",KOR,2012,tasa_finalizacion_secundaria,
"Korea, Rep.",KOR,2012,tasa_alfabetizacion_adultos,
Mexico,MEX,2012,gasto_educacion_pib,5.1031
Mexico,MEX,2012,tasa_finalizacion_primaria,96.45
Mexico,MEX,2012,tasa_finalizacion_secundaria,84.82
Mexico,MEX,2012,tasa_alfabetizacion_adultos,94.2284
Spain,ESP,2012,gasto_educacion_pib,4.46934
Spain,ESP,2012,tasa_finalizacion_primaria,
Spain,ESP,2012,tasa_finalizacion_secundaria,
Spain,ESP,2012,tasa_alfabetizacion_adultos,97.89454
Viet Nam,VNM,2012,gasto_educacion_pib,5.53329
Viet Nam,VNM,2012,tasa_finalizacion_primaria,
Viet Nam,VNM,2012,tasa_finalizacion_secundaria,
Viet Nam,VNM,2012,tasa_alfabetizacion_adultos,
United States,USA,2012,gasto_educacion_pib,
United States,USA,2012,tasa_finalizacion_primaria,
United States,USA,2012,tasa_finalizacion_secundaria,
United States,USA,2012,tasa_alfabetizacion_adultos,
Uruguay,URY,2012,gasto_educacion_pib,
Uruguay,URY,2012,tasa_finalizacion_primaria,96.95
Uruguay,URY,2012,tasa_finalizacion_secundaria,65.71
Uruguay,URY,2012,tasa_alfabetizacion_adultos,98.39594
Argentina,ARG,2013,gasto_educacion_pib,5.43661
Argentina,ARG,2013,tasa_finalizacion_primaria,
Argentina,ARG,2013,tasa_finalizacion_secundaria,
Argentina,ARG,2013,tasa_alfabetizacion_adultos,99.12195
Brazil,BRA,2013,gasto_educacion_pib,5.83885
Brazil,BRA,2013,tasa_finalizacion_primaria,96.02
Brazil,BRA,2013,tasa_finalizacion_secundaria,85.01
Brazil,BRA,2013,tasa_alfabetizacion_adultos,91.48424
Chile,CHL,2013,gasto_educacion_pib,4.52943
Chile,CHL,2013,tasa_finalizacion_primaria,95.88
Chile,CHL,2013,tasa_finalizacion_secundaria,94.49
Chile,CHL,2013,tasa_alfabetizacion_adultos,96.26706
Costa Rica,CRI,2013,gasto_educacion_pib,6.84934
Costa Rica,CRI,2013,tasa_finalizacion_primaria,93.44
Costa Rica,CRI,2013,tasa_finalizacion_secundaria,64.56
Costa Rica,CRI,2013,tasa_alfabetizacion_adultos,
"Korea, Rep.",KOR,2013,gasto_educacion_pib,
"Korea, Rep.",KOR,2013,tasa_finalizacion_primaria,
"Korea, Rep.",KOR,2013,tasa_finalizacion_secundaria,
"Korea, Rep.",KOR,2013,tasa_alfabetizacion_adultos,
Mexico,MEX,2013,gasto_educacion_pib,4.69605
Mexico,MEX,2013,tasa_finalizacion_primaria,
Mexico,MEX,2013,tasa_finalizacion_secundaria,
Mexico,MEX,2013,tasa_alfabetizacion_adultos,93.96285
Spain,ESP,2013,gasto_educacion_pib,4.35102
Spain,ESP,2013,tasa_finalizacion_primaria,
Spain,ESP,2013,tasa_finalizacion_secundaria,90.61
Spain,ESP,2013,tasa_alfabetizacion_adultos,98.07913
Viet Nam,VNM,2013,gasto_educacion_pib,5.652
Viet Nam,VNM,2013,tasa_finalizacion_primaria,
Viet Nam,VNM,2013,tasa_finalizacion_secundaria,
Viet Nam,VNM,2013,tasa_alfabetizacion_adultos,
United States,USA,2013,gasto_educacion_pib,4.93105
United States,USA,2013,tasa_finalizacion_primaria,99.34
United States,USA,2013,tasa_finalizacion_secundaria,98.55
United States,USA,2013,tasa_alfabetizacion_adultos,
Uruguay,URY,2013,gasto_educacion_pib,
Uruguay,URY,2013,tasa_finalizacion_primaria,96.99595
Uruguay,URY,2013,tasa_finalizacion_secundaria,63.2034
Uruguay,URY,2013,tasa_alfabetizacion_adultos,98.36387
Argentina,ARG,2014,gasto_educacion_pib,5.36144
Argentina,ARG,2014,tasa_finalizacion_primaria,
Argentina,ARG,2014,tasa_finalizacion_secundaria,
Argentina,ARG,2014,tasa_alfabetizacion_adultos,98.99389
Brazil,BRA,2014,gasto_educacion_pib,5.94848
Brazil,BRA,2014,tasa_finalizacion_primaria,96.72
Brazil,BRA,2014,tasa_finalizacion_secundaria,86.84
Brazil,BRA,2014,tasa_alfabetizacion_adultos,91.72943
Chile,CHL,2014,gasto_educacion_pib,4.73095
Chile,CHL,2014,tasa_finalizacion_primaria,
Chile,CHL,2014,tasa_finalizacion_secundaria,
Chile,CHL,2014,tasa_alfabetizacion_adultos,
Costa Rica,CRI,2014,gasto_educacion_pib,6.86952
Costa Rica,CRI,2014,tasa_finalizacion_primaria,94.51
Costa Rica,CRI,2014,tasa_finalizacion_secundaria,66.57
Costa Rica,CRI,2014,tasa_alfabetizacion_adultos,
"Korea, Rep.",KOR,2014,gasto_educacion_pib,
"Korea, Rep.",KOR,2014,tasa_finalizacion_primaria,
"Korea, Rep.",KOR,2014,tasa_finalizacion_secundaria,
"Korea, Rep.",KOR,2014,tasa_alfabetizacion_adultos,
Mexico,MEX,2014,gasto_educacion_pib,5.26062
Mexico,MEX,2014,tasa_finalizacion_primaria,96.44
Mexico,MEX,2014,tasa_finalizacion_secundaria,86.28
Mexico,MEX,2014,tasa_alfabetizacion_adultos,94.55588
Spain,ESP,2014,gasto_educacion_pib,4.30338
Spain,ESP,2014,tasa_finalizacion_primaria,
Spain,ESP,2014,tasa_finalizacion_secundaria,93.3
Spain,ESP,2014,tasa_alfabetizacion_adultos,98.09372
Viet Nam,VNM,2014,gasto_educacion_pib,
Viet Nam,VNM,2014,tasa_finalizacion_primaria,96.57267
Viet Nam,VNM,2014,tasa_finalizacion_secundaria,83.43417
Viet Nam,VNM,2014,tasa_alfabetizacion_adultos,
United States,USA,2014,gasto_educacion_pib,4.96174
United States,USA,2014,tasa_finalizacion_primaria,
United States,USA,2014,tasa_finalizacion_secundaria,
United States,USA,2014,tasa_alfabetizacion_adultos,
Uruguay,URY,2014,gasto_educacion_pib,
Uruguay,URY,2014,tasa_finalizacion_primaria,97.3
Uruguay,URY,2014,tasa_finalizacion_secundaria,67.21
Uruguay,URY,2014,tasa_alfabetizacion_adultos,98.43593
Argentina,ARG,2015,gasto_educacion_pib,5.77611
Argentina,ARG,2015,tasa_finalizacion_primaria,
Argentina,ARG,2015,tasa_finalizacion_secundaria,
Argentina,ARG,2015,tasa_alfabetizacion_adultos,99.17996
Brazil,BRA,2015,gasto_educacion_pib,6.24106
Brazil,BRA,2015,tasa_finalizacion_primaria,97.0
Brazil,BRA,2015,tasa_finalizacion_secundaria,87.38
Brazil,BRA,2015,tasa_alfabetizacion_adultos,92.0479
Chile,CHL,2015,gasto_educacion_pib,4.87531
Chile,CHL,2015,tasa_finalizacion_primaria,96.7
Chile,CHL,2015,tasa_finalizacion_secundaria,95.05
Chile,CHL,2015,tasa_alfabetizacion_adultos,96.87413
Costa Rica,CRI,2015,gasto_educacion_pib,7.08254
Costa Rica,CRI,2015,tasa_finalizacion_primaria,94.7
Costa Rica,CRI,2015,tasa_finalizacion_secundaria,68.2
Costa Rica,CRI,2015,tasa_alfabetizacion_adultos,
"Korea, Rep.",KOR,2015,gasto_educacion_pib,
"Korea, Rep.",KOR,2015,tasa_finalizacion_primaria,
"Korea, Rep.",KOR,2015,tasa_finalizacion_secundaria,
"Korea, Rep.",KOR,2015,tasa_alfabetizacion_adultos,
Mexico,MEX,2015,gasto_educacion_pib,5.23524
Mexico,MEX,2015,tasa_finalizacion_primaria,
Mexico,MEX,2015,tasa_finalizacion_secundaria,
Mexico,MEX,2015,tasa_alfabetizacion_adultos,94.47228
Spain,ESP,2015,gasto_educacion_pib,4.28657
Spain,ESP,2015,tasa_finalizacion_primaria,
Spain,ESP,2015,tasa_finalizacion_secundaria,
Spain,ESP,2015,tasa_alfabetizacion_adultos,98.14326
Viet Nam,VNM,2015,gasto_educacion_pib,
Viet Nam,VNM,2015,tasa_finalizacion_primaria,
Viet Nam,VNM,2015,tasa_finalizacion_secundaria,
Viet Nam,VNM,2015,tasa_alfabetizacion_adultos,
United States,USA,2015,gasto_educacion_pib,
United States,USA,2015,tasa_finalizacion_primaria,99.73084
United States,USA,2015,tasa_finalizacion_secundaria,98.75433
United States,USA,2015,tasa_alfabetizacion_adultos,
Uruguay,URY,2015,gasto_educacion_pib,
Uruguay,URY,2015,tasa_finalizacion_primaria,97.28
Uruguay,URY,2015,tasa_finalizacion_secundaria,68.65
Uruguay,URY,2015,tasa_alfabetizacion_adultos,98.52387
Argentina,ARG,2016,gasto_educacion_pib,5.54549
Argentina,ARG,2016,tasa_finalizacion_primaria,
Argentina,ARG,2016,tasa_finalizacion_secundaria,
Argentina,ARG,2016,tasa_alfabetizacion_adultos,99.12501
Brazil,BRA,2016,gasto_educacion_pib,6.31404
Brazil,BRA,2016,tasa_finalizacion_primaria,93.84
Brazil,BRA,2016,tasa_finalizacion_secundaria,83.75
Brazil,BRA,2016,tasa_alfabetizacion_adultos,92.80844
Chile,CHL,2016,gasto_educacion_pib,5.34201
Chile,CHL,2016,tasa_finalizacion_primaria,
Chile,CHL,2016,tasa_finalizacion_secundaria,
Chile,CHL,2016,tasa_alfabetizacion_adultos,
Costa Rica,CRI,2016,gasto_educacion_pib,7.09768
Costa Rica,CRI,2016,tasa_finalizacion_primaria,95.33
Costa Rica,CRI,2016,tasa_finalizacion_secundaria,68.95
Costa Rica,CRI,2016,tasa_alfabetizacion_adultos,
"Korea, Rep.",KOR,2016,gasto_educacion_pib,4.3331
"Korea, Rep.",KOR,2016,tasa_finalizacion_primaria,
"Korea, Rep.",KOR,2016,tasa_finalizacion_secundaria,
"Korea, Rep.",KOR,2016,tasa_alfabetizacion_adultos,
Mexico,MEX,2016,gasto_educacion_pib,4.90949
Mexico,MEX,2016,tasa_finalizacion_primaria,96.4027
Mexico,MEX,2016,tasa_finalizacion_secundaria,87.67088
Mexico,MEX,2016,tasa_alfabetizacion_adultos,94.85962
Spain,ESP,2016,gasto_educacion_pib,4.22764
Spain,ESP,2016,tasa_finalizacion_primaria,
Spain,ESP,2016,tasa_finalizacion_secundaria,
Spain,ESP,2016,tasa_alfabetizacion_adultos,98.25051
Viet Nam,VNM,2016,gasto_educacion_pib,4.34481
Viet Nam,VNM,2016,tasa_finalizacion_primaria,
Viet Nam,VNM,2016,tasa_finalizacion_secundaria,
Viet Nam,VNM,2016,tasa_alfabetizacion_adultos,
United States,USA,2016,gasto_educacion_pib,
United States,USA,2016,tasa_finalizacion_primaria,99.68895
United States,USA,2016,tasa_finalizacion_secundaria,98.8131
United States,USA,2016,tasa_alfabetizacion_adultos,
Uruguay,URY,2016,gasto_educacion_pib,4.7591
Uruguay,URY,2016,tasa_finalizacion_primaria,97.94
Uruguay,URY,2016,tasa_finalizacion_secundaria,69.65
Uruguay,URY,2016,tasa_alfabetizacion_adultos,98.56147
Argentina,ARG,2017,gasto_educacion_pib,5.46223
Argentina,ARG,2017,tasa_finalizacion_primaria,
Argentina,ARG,2017,tasa_finalizacion_secundaria,
Argentina,ARG,2017,tasa_alfabetizacion_adultos,
Brazil,BRA,2017,gasto_educacion_pib,6.32255
Brazil,BRA,2017,tasa_finalizacion_primaria,94.74
Brazil,BRA,2017,tasa_finalizacion_secundaria,84.37
Brazil,BRA,2017,tasa_alfabetizacion_adultos,93.07582
Chile,CHL,2017,gasto_educacion_pib,5.41946
Chile,CHL,2017,tasa_finalizacion_primaria,96.3
Chile,CHL,2017,tasa_finalizacion_secundaria,95.9
Chile,CHL,2017,tasa_alfabetizacion_adultos,96.40228
Costa Rica,CRI,2017,gasto_educacion_pib,7.31572
Costa Rica,CRI,2017,tasa_finalizacion_primaria,96.15
Costa Rica,CRI,2017,tasa_finalizacion_secundaria,68.2
Costa Rica,CRI,2017,tasa_alfabetizacion_adultos,
"Korea, Rep.",KOR,2017,gasto_educacion_pib,
"Korea, Rep.",KOR,2017,tasa_finalizacion_primaria,
"Korea, Rep.",KOR,2017,tasa_finalizacion_secundaria,
"Korea, Rep.",KOR,2017,tasa_alfabetizacion_adultos,
Mexico,MEX,2017,gasto_educacion_pib,4.52282
Mexico,MEX,2017,tasa_finalizacion_primaria,
Mexico,MEX,2017,tasa_finalizacion_secundaria,
Mexico,MEX,2017,tasa_alfabetizacion_adultos,94.97278
Spain,ESP,2017,gasto_educacion_pib,4.20774
Spain,ESP,2017,tasa_finalizacion_primaria,
Spain,ESP,2017,tasa_finalizacion_secundaria,
Spain,ESP,2017,tasa_alfabetizacion_adultos,
Viet Nam,VNM,2017,gasto_educacion_pib,
Viet Nam,VNM,2017,tasa_finalizacion_primaria,
Viet Nam,VNM,2017,tasa_finalizacion_secundaria,
Viet Nam,VNM,2017,tasa_alfabetizacion_adultos,
United States,USA,2017,gasto_educacion_pib,
United States,USA,2017,tasa_finalizacion_primaria,99.7026
United States,USA,2017,tasa_finalizacion_secundaria,98.86367
United States,USA,2017,tasa_alfabetizacion_adultos,
Uruguay,URY,2017,gasto_educacion_pib,4.8403
Uruguay,URY,2017,tasa_finalizacion_primaria,98.01
Uruguay,URY,2017,tasa_finalizacion_secundaria,72.44
Uruguay,URY,2017,tasa_alfabetizacion_adultos,98.61572
Argentina,ARG,2018,gasto_educacion_pib,
Argentina,ARG,2018,tasa_finalizacion_primaria,
Argentina,ARG,2018,tasa_finalizacion_secundaria,
Argentina,ARG,2018,tasa_alfabetizacion_adultos,99.00387
Brazil,BRA,2018,gasto_educacion_pib,
Brazil,BRA,2018,tasa_finalizacion_primaria,95.16
Brazil,BRA,2018,tasa_finalizacion_secundaria,85.69
Brazil,BRA,2018,tasa_alfabetizacion_adultos,93.2275
Chile,CHL,2018,gasto_educacion_pib,
Chile,CHL,2018,tasa_finalizacion_primaria,
Chile,CHL,2018,tasa_finalizacion_secundaria,
Chile,CHL,2018,tasa_alfabetizacion_adultos,
Costa Rica,CRI,2018,gasto_educacion_pib,6.97857
Costa Rica,CRI,2018,tasa_finalizacion_primaria,96.31
Costa Rica,CRI,2018,tasa_finalizacion_secundaria,73.47
Costa Rica,CRI,2018,tasa_alfabetizacion_adultos,97.86379
"Korea, Rep.",KOR,2018,gasto_educacion_pib,
"Korea, Rep.",KOR,2018,tasa_finalizacion_primaria,
"Korea, Rep.",KOR,2018,tasa_finalizacion_secundaria,
"Korea, Rep.",KOR,2018,tasa_alfabetizacion_adultos,
Mexico,MEX,2018,gasto_educacion_pib,
Mexico,MEX,2018,tasa_finalizacion_primaria,97.88
Mexico,MEX,2018,tasa_finalizacion_secundaria,88.56
Mexico,MEX,2018,tasa_alfabetizacion_adultos,95.37991
Spain,ESP,2018,gasto_educacion_pib,
Spain,ESP,2018,tasa_finalizacion_primaria,
Spain,ESP,2018,tasa_finalizacion_secundaria,
Spain,ESP,2018,tasa_alfabetizacion_adultos,98.4365
Viet Nam,VNM,2018,gasto_educacion_pib,4.16745
Viet Nam,VNM,2018,tasa_finalizacion_primaria,
Viet Nam,VNM,2018,tasa_finalizacion_secundaria,
Viet Nam,VNM,2018,tasa_alfabetizacion_adultos,95.00038
United States,USA,2018,gasto_educacion_pib,
United States,USA,2018,tasa_finalizacion_primaria,
United States,USA,2018,tasa_finalizacion_secundaria,
United States,USA,2018,tasa_alfabetizacion_adultos,
Uruguay,URY,2018,gasto_educacion_pib,5.04759
Uruguay,URY,2018,tasa_finalizacion_primaria,97.6
Uruguay,URY,2018,tasa_finalizacion_secundaria,73.21
Uruguay,URY,2018,tasa_alfabetizacion_adultos,98.70386
Argentina,ARG,2019,gasto_educacion_pib,
Argentina,ARG,2019,tasa_finalizacion_primaria,
Argentina,ARG,2019,tasa_finalizacion_secundaria,
Argentina,ARG,2019,tasa_alfabetizacion_adultos,
Brazil,BRA,2019,gasto_educacion_pib,
Brazil,BRA,2019,tasa_finalizacion_primaria,
Brazil,BRA,2019,tasa_finalizacion_secundaria,
Brazil,BRA,2019,tasa_alfabetizacion_adultos,
Chile,CHL,2019,gasto_educacion_pib,
Chile,CHL,2019,tasa_finalizacion_primaria,
Chile,CHL,2019,tasa_finalizacion_secundaria,
Chile,CHL,2019,tasa_alfabetizacion_adultos,
Costa Rica,CRI,2019,gasto_educacion_pib,7.04876
Costa Rica,CRI,2019,tasa_finalizacion_primaria,
Costa Rica,CRI,2019,tasa_finalizacion_secundaria,
Costa Rica,CRI,2019,tasa_alfabetizacion_adultos,
"Korea, Rep.",KOR,2019,gasto_educacion_pib,
"Korea, Rep.",KOR,2019,tasa_finalizacion_primaria,
"Korea, Rep.",KOR,2019,tasa_finalizacion_secundaria,
"Korea, Rep.",KOR,2019,tasa_alfabetizacion_adultos,
Mexico,MEX,2019,gasto_educacion_pib,
Mexico,MEX,2019,tasa_finalizacion_primaria,
Mexico,MEX,2019,tasa_finalizacion_secundaria,
Mexico,MEX,2019,tasa_alfabetizacion_adultos,
Spain,ESP,2019,gasto_educacion_pib,
Spain,ESP,2019,tasa_finalizacion_primaria,
Spain,ESP,2019,tasa_finalizacion_secundaria,
Spain,ESP,2019,tasa_alfabetizacion_adultos,
Viet Nam,VNM,2019,gasto_educacion_pib,
Viet Nam,VNM,2019,tasa_finalizacion_primaria,
Viet Nam,VNM,2019,tasa_finalizacion_secundaria,
Viet Nam,VNM,2019,tasa_alfabetizacion_adultos,
United States,USA,2019,gasto_educacion_pib,
United States,USA,2019,tasa_finalizacion_primaria,
United States,USA,2019,tasa_finalizacion_secundaria,
United States,USA,2019,tasa_alfabetizacion_adultos,
Uruguay,URY,2019,gasto_educacion_pib,
Uruguay,URY,2019,tasa_finalizacion_primaria,
Uruguay,URY,2019,tasa_finalizacion_secundaria,
Uruguay,URY,2019,tasa_alfabetizacion_adultos,
Argentina,ARG,2020,gasto_educacion_pib,
Argentina,ARG,2020,tasa_finalizacion_primaria,
Argentina,ARG,2020,tasa_finalizacion_secundaria,
Argentina,ARG,2020,tasa_alfabetizacion_adultos,
Brazil,BRA,2020,gasto_educacion_pib,
Brazil,BRA,2020,tasa_finalizacion_primaria,
Brazil,BRA,2020,tasa_finalizacion_secundaria,
Brazil,BRA,2020,tasa_alfabetizacion_adultos,
Chile,CHL,2020,gasto_educacion_pib,
Chile,CHL,2020,tasa_finalizacion_primaria,
Chile,CHL,2020,tasa_finalizacion_secundaria,
Chile,CHL,2020,tasa_alfabetizacion_adultos,
Costa Rica,CRI,2020,gasto_educacion_pib,
Costa Rica,CRI,2020,tasa_finalizacion_primaria,
Costa Rica,CRI,2020,tasa_finalizacion_secundaria,
Costa Rica,CRI,2020,tasa_alfabetizacion_adultos,
"Korea, Rep.",KOR,2020,gasto_educacion_pib,
"Korea, Rep.",KOR,2020,tasa_finalizacion_primaria,
"Korea, Rep.",KOR,2020,tasa_finalizacion_secundaria,
"Korea, Rep.",KOR,2020,tasa_alfabetizacion_adultos,
Mexico,MEX,2020,gasto_educacion_pib,
Mexico,MEX,2020,tasa_finalizacion_primaria,
Mexico,MEX,2020,tasa_finalizacion_secundaria,
Mexico,MEX,2020,tasa_alfabetizacion_adultos,
Spain,ESP,2020,gasto_educacion_pib,
Spain,ESP,2020,tasa_finalizacion_primaria,
Spain,ESP,2020,tasa_finalizacion_secundaria,
Spain,ESP,2020,tasa_alfabetizacion_adultos,
Viet Nam,VNM,2020,gasto_educacion_pib,
Viet Nam,VNM,2020,tasa_finalizacion_primaria,
Viet Nam,VNM,2020,tasa_finalizacion_secundaria,
Viet Nam,VNM,2020,tasa_alfabetizacion_adultos,
United States,USA,2020,gasto_educacion_pib,
United States,USA,2020,tasa_finalizacion_primaria,
United States,USA,2020,tasa_finalizacion_secundaria,
United States,USA,2020,tasa_alfabetizacion_adultos,
Uruguay,URY,2020,gasto_educacion_pib,
Uruguay,URY,2020,tasa_finalizacion_primaria,
Uruguay,URY,2020,tasa_finalizacion_secundaria,
Uruguay,URY,2020,tasa_alfabetizacion_adultos,
Argentina,ARG,2021,gasto_educacion_pib,
Argentina,ARG,2021,tasa_finalizacion_primaria,
Argentina,ARG,2021,tasa_finalizacion_secundaria,
Argentina,ARG,2021,tasa_alfabetizacion_adultos,
Brazil,BRA,2021,gasto_educacion_pib,
Brazil,BRA,2021,tasa_finalizacion_primaria,
Brazil,BRA,2021,tasa_finalizacion_secundaria,
Brazil,BRA,2021,tasa_alfabetizacion_adultos,
Chile,CHL,2021,gasto_educacion_pib,
Chile,CHL,2021,tasa_finalizacion_primaria,
Chile,CHL,2021,tasa_finalizacion_secundaria,
Chile,CHL,2021,tasa_alfabetizacion_adultos,
Costa Rica,CRI,2021,gasto_educacion_pib,
Costa Rica,CRI,2021,tasa_finalizacion_primaria,
Costa Rica,CRI,2021,tasa_finalizacion_secundaria,
Costa Rica,CRI,2021,tasa_alfabetizacion_adultos,
"Korea, Rep.",KOR,2021,gasto_educacion_pib,
"Korea, Rep.",KOR,2021,tasa_finalizacion_primaria,
"Korea, Rep.",KOR,2021,tasa_finalizacion_secundaria,
"Korea, Rep.",KOR,2021,tasa_alfabetizacion_adultos,
Mexico,MEX,2021,gasto_educacion_pib,
Mexico,MEX,2021,tasa_finalizacion_primaria,
Mexico,MEX,2021,tasa_finalizacion_secundaria,
Mexico,MEX,2021,tasa_alfabetizacion_adultos,
Spain,ESP,2021,gasto_educacion_pib,
Spain,ESP,2021,tasa_finalizacion_primaria,
Spain,ESP,2021,tasa_finalizacion_secundaria,
Spain,ESP,2021,tasa_alfabetizacion_adultos,
Viet Nam,VNM,2021,gasto_educacion_pib,
Viet Nam,VNM,2021,tasa_finalizacion_primaria,
Viet Nam,VNM,2021,tasa_finalizacion_secundaria,
Viet Nam,VNM,2021,tasa_alfabetizacion_adultos,
United States,USA,2021,gasto_educacion_pib,
United States,USA,2021,tasa_finalizacion_primaria,
United States,USA,2021,tasa_finalizacion_secundaria,
United States,USA,2021,tasa_alfabetizacion_adultos,
Uruguay,URY,2021,gasto_educacion_pib,
Uruguay,URY,2021,tasa_finalizacion_primaria,
Uruguay,URY,2021,tasa_finalizacion_secundaria,
Uruguay,URY,2021,tasa_alfabetizacion_adultos,
Argentina,ARG,2022,gasto_educacion_pib,
Argentina,ARG,2022,tasa_finalizacion_primaria,
Argentina,ARG,2022,tasa_finalizacion_secundaria,
Argentina,ARG,2022,tasa_alfabetizacion_adultos,
Brazil,BRA,2022,gasto_educacion_pib,
Brazil,BRA,2022,tasa_finalizacion_primaria,
Brazil,BRA,2022,tasa_finalizacion_secundaria,
Brazil,BRA,2022,tasa_alfabetizacion_adultos,
Chile,CHL,2022,gasto_educacion_pib,
Chile,CHL,2022,tasa_finalizacion_primaria,
Chile,CHL,2022,tasa_finalizacion_secundaria,
Chile,CHL,2022,tasa_alfabetizacion_adultos,
Costa Rica,CRI,2022,gasto_educacion_pib,
Costa Rica,CRI,2022,tasa_finalizacion_primaria,
Costa Rica,CRI,2022,tasa_finalizacion_secundaria,
Costa Rica,CRI,2022,tasa_alfabetizacion_adultos,
"Korea, Rep.",KOR,2022,gasto_educacion_pib,
"Korea, Rep.",KOR,2022,tasa_finalizacion_primaria,
"Korea, Rep.",KOR,2022,tasa_finalizacion_secundaria,
"Korea, Rep.",KOR,2022,tasa_alfabetizacion_adultos,
Mexico,MEX,2022,gasto_educacion_pib,
Mexico,MEX,2022,tasa_finalizacion_primaria,
Mexico,MEX,2022,tasa_finalizacion_secundaria,
Mexico,MEX,2022,tasa_alfabetizacion_adultos,
Spain,ESP,2022,gasto_educacion_pib,
Spain,ESP,2022,tasa_finalizacion_primaria,
Spain,ESP,2022,tasa_finalizacion_secundaria,
Spain,ESP,2022,tasa_alfabetizacion_adultos,
Viet Nam,VNM,2022,gasto_educacion_pib,
Viet Nam,VNM,2022,tasa_finalizacion_primaria,
Viet Nam,VNM,2022,tasa_finalizacion_secundaria,
Viet Nam,VNM,2022,tasa_alfabetizacion_adultos,
United States,USA,2022,gasto_educacion_pib,
United States,USA,2022,tasa_finalizacion_primaria,
United States,USA,2022,tasa_finalizacion_secundaria,
United States,USA,2022,tasa_alfabetizacion_adultos,
Uruguay,URY,2022,gasto_educacion_pib,
Uruguay,URY,2022,tasa_finalizacion_primaria,
Uruguay,URY,2022,tasa_finalizacion_secundaria,
Uruguay,URY,2022,tasa_alfabetizacion_adultos,
Argentina,ARG,2023,gasto_educacion_pib,
Argentina,ARG,2023,tasa_finalizacion_primaria,
Argentina,ARG,2023,tasa_finalizacion_secundaria,
Argentina,ARG,2023,tasa_alfabetizacion_adultos,
Brazil,BRA,2023,gasto_educacion_pib,
Brazil,BRA,2023,tasa_finalizacion_primaria,
Brazil,BRA,2023,tasa_finalizacion_secundaria,
Brazil,BRA,2023,tasa_alfabetizacion_adultos,
Chile,CHL,2023,gasto_educacion_pib,
Chile,CHL,2023,tasa_finalizacion_primaria,
Chile,CHL,2023,tasa_finalizacion_secundaria,
Chile,CHL,2023,tasa_alfabetizacion_adultos,
Costa Rica,CRI,2023,gasto_educacion_pib,
Costa Rica,CRI,2023,tasa_finalizacion_primaria,
Costa Rica,CRI,2023,tasa_finalizacion_secundaria,
Costa Rica,CRI,2023,tasa_alfabetizacion_adultos,
"Korea, Rep.",KOR,2023,gasto_educacion_pib,
"Korea, Rep.",KOR,2023,tasa_finalizacion_primaria,
"Korea, Rep.",KOR,2023,tasa_finalizacion_secundaria,
"Korea, Rep.",KOR,2023,tasa_alfabetizacion_adultos,
Mexico,MEX,2023,gasto_educacion_pib,
Mexico,MEX,2023,tasa_finalizacion_primaria,
Mexico,MEX,2023,tasa_finalizacion_secundaria,
Mexico,MEX,2023,tasa_alfabetizacion_adultos,
Spain,ESP,2023,gasto_educacion_pib,
Spain,ESP,2023,tasa_finalizacion_primaria,
Spain,ESP,2023,tasa_finalizacion_secundaria,
Spain,ESP,2023,tasa_alfabetizacion_adultos,
Viet Nam,VNM,2023,gasto_educacion_pib,
Viet Nam,VNM,2023,tasa_finalizacion_primaria,
Viet Nam,VNM,2023,tasa_finalizacion_secundaria,
Viet Nam,VNM,2023,tasa_alfabetizacion_adultos,
United States,USA,2023,gasto_educacion_pib,
United States,USA,2023,tasa_finalizacion_primaria,
United States,USA,2023,tasa_finalizacion_secundaria,
United States,USA,2023,tasa_alfabetizacion_adultos,
Uruguay,URY,2023,gasto_educacion_pib,
Uruguay,URY,2023,tasa_finalizacion_primaria,
Uruguay,URY,2023,tasa_finalizacion_secundaria,
Uruguay,URY,2023,tasa_alfabetizacion_adultos,
Argentina,ARG,2024,gasto_educacion_pib,
Argentina,ARG,2024,tasa_finalizacion_primaria,
Argentina,ARG,2024,tasa_finalizacion_secundaria,
Argentina,ARG,2024,tasa_alfabetizacion_adultos,
Brazil,BRA,2024,gasto_educacion_pib,
Brazil,BRA,2024,tasa_finalizacion_primaria,
Brazil,BRA,2024,tasa_finalizacion_secundaria,
Brazil,BRA,2024,tasa_alfabetizacion_adultos,
Chile,CHL,2024,gasto_educacion_pib,
Chile,CHL,2024,tasa_finalizacion_primaria,
Chile,CHL,2024,tasa_finalizacion_secundaria,
Chile,CHL,2024,tasa_alfabetizacion_adultos,
Costa Rica,CRI,2024,gasto_educacion_pib,
Costa Rica,CRI,2024,tasa_finalizacion_primaria,
Costa Rica,CRI,2024,tasa_finalizacion_secundaria,
Costa Rica,CRI,2024,tasa_alfabetizacion_adultos,
"Korea, Rep.",KOR,2024,gasto_educacion_pib,
"Korea, Rep.",KOR,2024,tasa_finalizacion_primaria,
"Korea, Rep.",KOR,2024,tasa_finalizacion_secundaria,
"Korea, Rep.",KOR,2024,tasa_alfabetizacion_adultos,
Mexico,MEX,2024,gasto_educacion_pib,
Mexico,MEX,2024,tasa_finalizacion_primaria,
Mexico,MEX,2024,tasa_finalizacion_secundaria,
Mexico,MEX,2024,tasa_alfabetizacion_adultos,
Spain,ESP,2024,gasto_educacion_pib,
Spain,ESP,2024,tasa_finalizacion_primaria,
Spain,ESP,2024,tasa_finalizacion_secundaria,
Spain,ESP,2024,tasa_alfabetizacion_adultos,
Viet Nam,VNM,2024,gasto_educacion_pib,
Viet Nam,VNM,2024,tasa_finalizacion_primaria,
Viet Nam,VNM,2024,tasa_finalizacion_secundaria,
Viet Nam,VNM,2024,tasa_alfabetizacion_adultos,
United States,USA,2024,gasto_educacion_pib,
United States,USA,2024,tasa_finalizacion_primaria,
United States,USA,2024,tasa_finalizacion_secundaria,
United States,USA,2024,tasa_alfabetizacion_adultos,
Uruguay,URY,2024,gasto_educacion_pib,
Uruguay,URY,2024,tasa_finalizacion_primaria,
Uruguay,URY,2024,tasa_finalizacion_secundaria,
Uruguay,URY,2024,tasa_alfabetizacion_adultos,
